{"AUTOPLAY_DISABLED_BUTTON_CLICK":{"duration":0.19954648526077098,"offset":0.035555555555555535},"AUTOPLAY_ENABLED_BUTTON_CLICK":{"duration":0.19954648526077098,"offset":0.035555555555555535},"GENERIC_BUTTON_CLICK":{"duration":0.19954648526077098,"offset":0.035555555555555535},"INFO_BUTTON_CLICK":{"duration":0.19954648526077098,"offset":0.035555555555555535},"REEL_SPIN_MANUAL_STOP":{"duration":0.2993424036281179,"offset":0.04024943310657597},"REEL_SPIN_START_main":{"duration":3.42859410430839,"offset":0.045691609977324354},"REEL_SPIN_STOP":{"duration":0.2993424036281179,"offset":0.04024943310657597},"START_CLICK":{"duration":0.19954648526077098,"offset":0.035555555555555535},"STOP_CLICK":{"duration":0.19954648526077098,"offset":0.035555555555555535},"TURBO_DISABLE_BUTTON_CLICK":{"duration":0.19954648526077098,"offset":0.035555555555555535},"TURBO_ENABLE_BUTTON_CLICK":{"duration":0.19954648526077098,"offset":0.035555555555555535},"TURBO_STOP_CLICK":{"duration":0.19954648526077098,"offset":0.035555555555555535},"WIN_TICKUP_END":{"duration":1.4603174603174602,"offset":0.028662131519274547},"WIN_TICKUP_LOOP":{"duration":11,"offset":0.1020408163265305}}