{"AUTOPLAY_DISABLED_BUTTON_CLICK":{"duration":0.19954648526077098,"offset":0.05245351473922902},"AUTOPLAY_ENABLED_BUTTON_CLICK":{"duration":0.19954648526077098,"offset":0.05245351473922902},"GENERIC_BUTTON_CLICK":{"duration":0.19954648526077098,"offset":0.05245351473922902},"INFO_BUTTON_CLICK":{"duration":0.19954648526077098,"offset":0.05245351473922902},"REEL_SPIN_MANUAL_STOP":{"duration":0.2993424036281179,"offset":0.06065759637188206},"REEL_SPIN_START_main":{"duration":3.42859410430839,"offset":0.09940589569161018},"REEL_SPIN_STOP":{"duration":0.2993424036281179,"offset":0.06065759637188206},"START_CLICK":{"duration":0.19954648526077098,"offset":0.05245351473922902},"STOP_CLICK":{"duration":0.19954648526077098,"offset":0.05245351473922902},"TURBO_DISABLE_BUTTON_CLICK":{"duration":0.19954648526077098,"offset":0.05245351473922902},"TURBO_ENABLE_BUTTON_CLICK":{"duration":0.19954648526077098,"offset":0.05245351473922902},"TURBO_STOP_CLICK":{"duration":0.19954648526077098,"offset":0.05245351473922902},"WIN_TICKUP_END":{"duration":1.4603174603174602,"offset":0.051682539682539774},"WIN_TICKUP_LOOP":{"duration":11,"offset":-0.019999999999999574}}